{
  "interactionModel": {
    "languageModel": {
      "invocationName": "tourist in the city of dracula",
      "intents": [
        {
          "name": "AMAZON.CancelIntent",
          "samples": []
        },
        {
          "name": "AMAZON.HelpIntent",
          "samples": []
        },
        {
          "name": "AMAZON.StopIntent",
          "samples": []
        },
        {
          "name": "AMAZON.NavigateHomeIntent",
          "samples": []
        },
        {
          "name": "AMAZON.FallbackIntent",
          "samples": []
        },
        {
          "name": "RegisterNameIntent",
          "slots": [
            {
              "name": "name",
              "type": "AMAZON.DE_FIRST_NAME",
              "samples": [
                "My name is {name} ",
                "{name} is my name",
                "My first name is {name}",
                "{name} is my first name",
                "My first name is {name}"
              ]
            }
          ],
          "samples": [
            "{name} is my first name",
            "{name} is my  name",
            "My name is {name}",
            "My first name is {name}"
          ]
        },
        {
          "name": "VisitCityIntent",
          "slots": [],
          "samples": []
        },
        {
          "name": "InterestedInFood",
          "slots": [],
          "samples": [
            "I would like some food please",
            "I would like some food",
            "some food please",
            "food please",
            "I would like to eat something please",
            "some food",
            "food",
            "I would like to eat something",
            "I am starving",
            "I\u0027m starving",
            "I am hungry",
            "I\u0027m hungry"
          ]
        },
        {
          "name": "InterestedInPlaces",
          "slots": [],
          "samples": [
            "let\u0027s visit some beautiful places together",
            "let\u0027s visit some places together",
            "let\u0027s visit some beautiful places",
            "I prefer some beautiful places",
            "I prefer some places",
            "I would like some beautiful places",
            "let\u0027s visit some places",
            "beautiful places",
            "places",
            "some places"
          ]
        },
        {
          "name": "InternationalFoodIntent",
          "slots": [],
          "samples": [
            "I would like an international restaurant",
            "tell me more about international restaurants",
            "tell me more about international",
            "international food",
            "I would like international restaurant",
            "I would like international food",
            "I would like international",
            "international"
          ]
        },
        {
          "name": "MonarkIntent",
          "slots": [],
          "samples": [
            "I want to Monark please",
            "I want to Monark",
            "tell me more about Monark please",
            "tell me more about Monark",
            "let\u0027s hear about Monark",
            "I want Monark please",
            "I want Monark",
            "I\u0027m choosing Monark",
            "let\u0027s see Monark",
            "tell me about Monark please",
            "I would like to know more about Monark please",
            "Monark please",
            "tell me about Monark",
            "what about Monark",
            "I would like to know more about Monark",
            "Monark"
          ]
        },
        {
          "name": "SommelierIntent",
          "slots": [],
          "samples": [
            "I want to Le Sommelier please",
            "I want to Le Sommelier",
            "tell me more about Le Sommelier please",
            "tell me more about Le Sommelier",
            "let\u0027s hear about Le Sommelier",
            "I want Le Sommelier please",
            "I want Le Sommelier",
            "I\u0027m choosing Le Sommelier",
            "let\u0027s see Le Sommelier",
            "tell me about Le Sommelier please",
            "I would like to know more about Le Sommelier please",
            "le Sommelier please",
            "tell me about Le Sommelier",
            "what about Le Sommelier",
            "I would like to know more about Le Sommelier",
            "le Sommelier"
          ]
        },
        {
          "name": "RomanianFoodIntent",
          "slots": [],
          "samples": [
            "I would like a romanian restaurant",
            "tell me more about romanian restaurants",
            "tell me more about romanian",
            "romanian food",
            "I would like romanian restaurant",
            "I would like romanian food",
            "I would like romanian",
            "romanian"
          ]
        },
        {
          "name": "OgradaIntent",
          "slots": [],
          "samples": [
            "Ograda",
            "I would like to know more about Ograda",
            "what about Ograda",
            "tell me about Ograda",
            "Ograda please",
            "I would like to know more about Ograda please",
            "tell me about Ograda please",
            "let\u0027s see Ograda",
            "I\u0027m choosing Ograda",
            "I want Ograda",
            "I want Ograda please",
            "let\u0027s hear about Ograda",
            "tell me more about Ograda",
            "tell me more about Ograda please",
            "I want to Ograda",
            "I want to Ograda please"
          ]
        },
        {
          "name": "SergianaIntent",
          "slots": [],
          "samples": [
            "I want to Sergiana please",
            "I want to Sergiana",
            "tell me more about Sergiana please",
            "tell me more about Sergiana",
            "let\u0027s hear about Sergiana",
            "I want Sergiana please",
            "I want Sergiana",
            "I\u0027m choosing Sergiana",
            "let\u0027s see Sergiana",
            "tell me about Sergiana please",
            "Sergiana please",
            "tell me about Sergiana",
            "what about Sergiana",
            "I would like to know more about Sergiana",
            "Sergiana",
            "I would like to know more about Sergiana please"
          ]
        }
      ],
      "types": [],
      "modelConfiguration": {
        "fallbackIntentSensitivity": {
          "level": "HIGH"
        }
      }
    },
    "dialog": {
      "intents": [
        {
          "name": "RegisterNameIntent",
          "confirmationRequired": true,
          "prompts": {
            "confirmation": "Confirm.Intent.264384300248"
          },
          "slots": [
            {
              "name": "name",
              "type": "AMAZON.DE_FIRST_NAME",
              "elicitationRequired": true,
              "confirmationRequired": false,
              "prompts": {
                "elicitation": "Elicit.Slot.97186845675.1012525732043"
              }
            }
          ]
        }
      ],
      "delegationStrategy": "ALWAYS"
    },
    "prompts": [
      {
        "id": "Confirm.Intent.264384300248",
        "variations": [
          {
            "type": "PlainText",
            "value": "So, your name is {name} . Am I right?"
          }
        ]
      },
      {
        "id": "Elicit.Slot.97186845675.1012525732043",
        "variations": [
          {
            "type": "PlainText",
            "value": "What\u0027s your first name?"
          }
        ]
      }
    ]
  },
  "version": "41"
}