{
  "interactionModel": {
    "languageModel": {
      "invocationName": "touriste à brasov",
      "intents": [
        {
          "name": "AMAZON.CancelIntent",
          "samples": []
        },
        {
          "name": "AMAZON.HelpIntent",
          "samples": []
        },
        {
          "name": "AMAZON.StopIntent",
          "samples": []
        },
        {
          "name": "AMAZON.NavigateHomeIntent",
          "samples": []
        },
        {
          "name": "AMAZON.FallbackIntent",
          "samples": []
        },
        {
          "name": "RegisterNameIntent",
          "slots": [
            {
              "name": "name",
              "type": "AMAZON.FirstName",
              "samples": [
                "Je m\u0027appelle {name} ",
                "{name} est mon nom",
                "Mon prénom est {name}",
                "{name} est mon prénom"
              ]
            }
          ],
          "samples": [
            "Je m\u0027appelle {name} ",
            "{name} est mon nom",
            "Mon prénom est {name}",
            "{name} est mon prénom"
          ]
        },
        {
          "name": "VisitCityIntent",
          "slots": [],
          "samples": []
        },
        {
          "name": "InterestedInPlaces",
          "slots": [],
          "samples": [
            "visitons quelques endroits ensemble",
            "visitons de beaux endroits ensemble",
            "visitons de beaux endroits",
            "je préfère les beaux endroits",
            "je préfère les endroits",
            "je voudrais des endroits",
            "visitons quelques endroits",
            "beaux endroits",
            "endroits",
            "quelques endroits"
          ]
        },
        {
          "name": "InterestedInFood",
          "slots": [],
          "samples": [
            "je voudrais de la nourriture s\u0027il vous plait",
            "je voudrais de la nourriture",
            "nourriture s\u0027il vous plait",
            "j\u0027aimerais manger quelque chose s\u0027il vous plait",
            "de la nourriture",
            "nourriture",
            "je voudrais manger quelque chose s\u0027il vous plait",
            "j\u0027aimerais manger quelque chose",
            "je meurs de faim",
            "j\u0027ai faim"
          ]
        },
        {
          "name": "InternationalFoodIntent",
          "slots": [],
          "samples": [
            "dis m\u0027en plus sur les restaurants internationaux",
            "dis m\u0027en plus sur l\u0027international",
            "nourriture internationale",
            "Je voudrais un restaurant international",
            "Je voudrais de la nourriture internationale",
            "Je voudrais l\u0027international",
            "international"
          ]
        },
        {
          "name": "MonarkIntent",
          "slots": [],
          "samples": [
            "dis m\u0027en plus sur Monark s\u0027il vous plait",
            "dis m\u0027en plus sur Monark",
            "parlons de Monark",
            "je veux Monark s\u0027il vous plaît",
            "je veux Monark",
            "je choisis Monark",
            "voyons Monark",
            "parlez-moi de Monark s\u0027il vous plaît",
            "je voudrais en savoir plus sur Monark s\u0027il vous plaît",
            "Monark s\u0027il vous plaît",
            "parlez-moi de Monark",
            "qu\u0027en est-il de Monark",
            "j\u0027aimerais en savoir plus sur Monark",
            "Monark"
          ]
        },
        {
          "name": "SommelierIntent",
          "slots": [],
          "samples": [
            "dis m\u0027en plus sur Le Sommelier s\u0027il vous plait",
            "dis m\u0027en plus sur Le Sommelier",
            "parlons de Le Sommelier",
            "je veux Le Sommelier s\u0027il vous plaît",
            "je veux Le Sommelier",
            "je choisis Le Sommelier",
            "voyons Le Sommelier",
            "parlez-moi de Le Sommelier s\u0027il vous plaît",
            "je voudrais en savoir plus sur Le Sommelier s\u0027il vous plaît",
            "Le Sommelier s\u0027il vous plaît",
            "parlez-moi de Le Sommelier",
            "qu\u0027en est-il de Le Sommelier",
            "j\u0027aimerais en savoir plus sur Le Sommelier",
            "Le Sommelier"
          ]
        },
        {
          "name": "RomanianFoodIntent",
          "slots": [],
          "samples": [
            "roumain",
            "Je voudrais le roumain",
            "Je voudrais de la nourriture roumaine",
            "Je voudrais un restaurant roumain",
            "nourriture roumaine",
            "dis m\u0027en plus sur le roumain",
            "dis m\u0027en plus sur les restaurants roumains"
          ]
        },
        {
          "name": "OgradaIntent",
          "slots": [],
          "samples": [
            "Ograda",
            "j\u0027aimerais en savoir plus sur Ograda",
            "qu\u0027en est-il de Ograda",
            "parlez-moi de Ograda",
            "Ograda s\u0027il vous plait",
            "je voudrais en savoir plus sur Ograda s\u0027il vous plait",
            "parlez-moi de Ograda s\u0027il vous plait",
            "voyons Ograda",
            "je choisis Ograda",
            "je veux Ograda",
            "je veux Ograda s\u0027il vous plait",
            "parlons de Ograda",
            "dis m\u0027en plus sur Ograda",
            "dis m\u0027en plus sur Ograda s\u0027il vous plait"
          ]
        },
        {
          "name": "SergianaIntent",
          "slots": [],
          "samples": [
            "Sergiana",
            "j\u0027aimerais en savoir plus sur Sergiana",
            "qu\u0027en est-il de Sergiana",
            "parlez-moi de Sergiana",
            "Sergiana s\u0027il vous plait",
            "je voudrais en savoir plus sur Sergiana s\u0027il vous plait",
            "parlez-moi de Sergiana s\u0027il vous plait",
            "voyons Sergiana",
            "je choisis Sergiana",
            "je veux Sergiana",
            "je veux Sergiana s\u0027il vous plait",
            "parlons de Sergiana",
            "dis m\u0027en plus sur Sergiana",
            "dis m\u0027en plus sur Sergiana s\u0027il vous plait"
          ]
        }
      ],
      "types": []
    },
    "dialog": {
      "intents": [
        {
          "name": "RegisterNameIntent",
          "confirmationRequired": true,
          "prompts": {
            "confirmation": "Confirm.Intent.264384300248"
          },
          "slots": [
            {
              "name": "name",
              "type": "AMAZON.FirstName",
              "elicitationRequired": true,
              "confirmationRequired": false,
              "prompts": {
                "elicitation": "Elicit.Slot.97186845675.1012525732043"
              }
            }
          ]
        }
      ],
      "delegationStrategy": "ALWAYS"
    },
    "prompts": [
      {
        "id": "Confirm.Intent.264384300248",
        "variations": [
          {
            "type": "PlainText",
            "value": "Donc, votre prénom est {name}. J\u0027ai raison?"
          }
        ]
      },
      {
        "id": "Elicit.Slot.97186845675.1012525732043",
        "variations": [
          {
            "type": "PlainText",
            "value": "Quel est votre prénom?"
          }
        ]
      }
    ]
  },
  "version": "13"
}