{
  "interactionModel": {
    "languageModel": {
      "invocationName": "touriste à brasov",
      "intents": [
        {
          "name": "AMAZON.CancelIntent",
          "samples": []
        },
        {
          "name": "AMAZON.HelpIntent",
          "samples": []
        },
        {
          "name": "AMAZON.StopIntent",
          "samples": []
        },
        {
          "name": "AMAZON.NavigateHomeIntent",
          "samples": []
        },
        {
          "name": "AMAZON.FallbackIntent",
          "samples": []
        },
        {
          "name": "RegisterNameIntent",
          "slots": [
            {
              "name": "name",
              "type": "AMAZON.FirstName",
              "samples": [
                "{name}",
                "Je m\u0027appelle {name} ",
                "{name} est mon nom",
                "Mon prénom est {name}",
                "{name} est mon prénom"
              ]
            }
          ],
          "samples": [
            "{name}",
            "Je m\u0027appelle {name} ",
            "{name} est mon nom",
            "Mon prénom est {name}",
            "{name} est mon prénom"
          ]
        },
        {
          "name": "VisitCityIntent",
          "slots": [],
          "samples": [
            "Quelque chose."
          ]
        }
      ],
      "types": []
    },
    "dialog": {
      "intents": [
        {
          "name": "RegisterNameIntent",
          "confirmationRequired": true,
          "prompts": {
            "confirmation": "Confirm.Intent.264384300248"
          },
          "slots": [
            {
              "name": "name",
              "type": "AMAZON.FirstName",
              "elicitationRequired": true,
              "confirmationRequired": false,
              "prompts": {
                "elicitation": "Elicit.Slot.97186845675.1012525732043"
              }
            }
          ]
        }
      ],
      "delegationStrategy": "ALWAYS"
    },
    "prompts": [
      {
        "id": "Confirm.Intent.264384300248",
        "variations": [
          {
            "type": "PlainText",
            "value": "Donc, votre prénom est {name}. J\u0027ai raison?"
          }
        ]
      },
      {
        "id": "Elicit.Slot.97186845675.1012525732043",
        "variations": [
          {
            "type": "PlainText",
            "value": "Quel est votre prénom?"
          }
        ]
      }
    ]
  },
  "version": "1"
}