{
  "interactionModel": {
    "languageModel": {
      "invocationName": "touriste à brasov",
      "intents": [
        {
          "name": "AMAZON.CancelIntent",
          "samples": []
        },
        {
          "name": "AMAZON.HelpIntent",
          "samples": []
        },
        {
          "name": "AMAZON.StopIntent",
          "samples": []
        },
        {
          "name": "AMAZON.NavigateHomeIntent",
          "samples": []
        },
        {
          "name": "AMAZON.FallbackIntent",
          "samples": []
        },
        {
          "name": "RegisterNameIntent",
          "slots": [
            {
              "name": "name",
              "type": "AMAZON.FirstName",
              "samples": [
                "Je m\u0027appelle {name} ",
                "{name} est mon nom",
                "Mon prénom est {name}",
                "{name} est mon prénom"
              ]
            }
          ],
          "samples": [
            "Je m\u0027appelle {name} ",
            "{name} est mon nom",
            "Mon prénom est {name}",
            "{name} est mon prénom"
          ]
        },
        {
          "name": "VisitCityIntent",
          "slots": [],
          "samples": []
        },
        {
          "name": "InterestedInPlaces",
          "slots": [],
          "samples": [
            "visitons quelques endroits ensemble",
            "visitons de beaux endroits ensemble",
            "visitons de beaux endroits",
            "je préfère les beaux endroits",
            "je préfère les endroits",
            "je voudrais des endroits",
            "visitons quelques endroits",
            "beaux endroits",
            "endroits",
            "quelques endroits"
          ]
        },
        {
          "name": "InterestedInFood",
          "slots": [],
          "samples": [
            "je voudrais de la nourriture s\u0027il vous plait",
            "je voudrais de la nourriture",
            "nourriture s\u0027il vous plait",
            "j\u0027aimerais manger quelque chose s\u0027il vous plait",
            "de la nourriture",
            "nourriture",
            "je voudrais manger quelque chose s\u0027il vous plait",
            "j\u0027aimerais manger quelque chose",
            "je meurs de faim",
            "j\u0027ai faim"
          ]
        },
        {
          "name": "InternationalFoodIntent",
          "slots": [],
          "samples": [
            "dis m\u0027en plus sur les restaurants internationaux",
            "dis m\u0027en plus sur l\u0027international",
            "nourriture internationale",
            "Je voudrais un restaurant international",
            "Je voudrais de la nourriture internationale",
            "Je voudrais l\u0027international",
            "international"
          ]
        },
        {
          "name": "MonarkIntent",
          "slots": [],
          "samples": [
            "dis m\u0027en plus sur Monark s\u0027il vous plait",
            "dis m\u0027en plus sur Monark",
            "parlons de Monark",
            "je veux Monark s\u0027il vous plaît",
            "je veux Monark",
            "je choisis Monark",
            "voyons Monark",
            "parlez-moi de Monark s\u0027il vous plaît",
            "je voudrais en savoir plus sur Monark s\u0027il vous plaît",
            "Monark s\u0027il vous plaît",
            "parlez-moi de Monark",
            "qu\u0027en est-il de Monark",
            "j\u0027aimerais en savoir plus sur Monark",
            "Monark"
          ]
        },
        {
          "name": "SommelierIntent",
          "slots": [],
          "samples": [
            "dis m\u0027en plus sur Le Sommelier s\u0027il vous plait",
            "dis m\u0027en plus sur Le Sommelier",
            "parlons de Le Sommelier",
            "je veux Le Sommelier s\u0027il vous plaît",
            "je veux Le Sommelier",
            "je choisis Le Sommelier",
            "voyons Le Sommelier",
            "parlez-moi de Le Sommelier s\u0027il vous plaît",
            "je voudrais en savoir plus sur Le Sommelier s\u0027il vous plaît",
            "Le Sommelier s\u0027il vous plaît",
            "parlez-moi de Le Sommelier",
            "qu\u0027en est-il de Le Sommelier",
            "j\u0027aimerais en savoir plus sur Le Sommelier",
            "Le Sommelier"
          ]
        },
        {
          "name": "RomanianFoodIntent",
          "slots": [],
          "samples": [
            "roumain",
            "Je voudrais le roumain",
            "Je voudrais de la nourriture roumaine",
            "Je voudrais un restaurant roumain",
            "nourriture roumaine",
            "dis m\u0027en plus sur le roumain",
            "dis m\u0027en plus sur les restaurants roumains"
          ]
        },
        {
          "name": "OgradaIntent",
          "slots": [],
          "samples": [
            "Ograda",
            "j\u0027aimerais en savoir plus sur Ograda",
            "qu\u0027en est-il de Ograda",
            "parlez-moi de Ograda",
            "Ograda s\u0027il vous plait",
            "je voudrais en savoir plus sur Ograda s\u0027il vous plait",
            "parlez-moi de Ograda s\u0027il vous plait",
            "voyons Ograda",
            "je choisis Ograda",
            "je veux Ograda",
            "je veux Ograda s\u0027il vous plait",
            "parlons de Ograda",
            "dis m\u0027en plus sur Ograda",
            "dis m\u0027en plus sur Ograda s\u0027il vous plait"
          ]
        },
        {
          "name": "SergianaIntent",
          "slots": [],
          "samples": [
            "Sergiana",
            "j\u0027aimerais en savoir plus sur Sergiana",
            "qu\u0027en est-il de Sergiana",
            "parlez-moi de Sergiana",
            "Sergiana s\u0027il vous plait",
            "je voudrais en savoir plus sur Sergiana s\u0027il vous plait",
            "parlez-moi de Sergiana s\u0027il vous plait",
            "voyons Sergiana",
            "je choisis Sergiana",
            "je veux Sergiana",
            "je veux Sergiana s\u0027il vous plait",
            "parlons de Sergiana",
            "dis m\u0027en plus sur Sergiana",
            "dis m\u0027en plus sur Sergiana s\u0027il vous plait"
          ]
        },
        {
          "name": "ChooseAttractionIntent",
          "slots": [
            {
              "name": "attraction",
              "type": "attractionName"
            }
          ],
          "samples": [
            "Je veux voir {attraction}",
            "dis m\u0027en plus sur {attraction}",
            "{attraction}",
            "donnez-moi des informations sur {attraction}",
            "voyons {attraction}",
            "donnez-moi des détails sur {attraction}",
            "donnez-moi plus de détails sur {attraction}",
            "dites-m\u0027en plus sur {attraction} s\u0027il vous plaît",
            "donnez-moi des détails sur {attraction} s\u0027il vous plaît",
            "donnez-moi des informations sur {attraction} s\u0027il vous plaît"
          ]
        },
        {
          "name": "MediterraneanFoodIntent",
          "slots": [],
          "samples": [
            "dis m\u0027en plus sur les restaurants méditerranéen",
            "dis m\u0027en plus sur le méditerranéen",
            "nourriture méditerranéen",
            "Je voudrais un restaurant méditerranéen",
            "Je voudrais de la nourriture méditerranéen",
            "Je voudrais le méditerranéen",
            "méditerranéen"
          ]
        },
        {
          "name": "VinoESaporiIntent",
          "slots": [],
          "samples": [
            "dis m\u0027en plus sur vino et sapori s\u0027il vous plait",
            "dis m\u0027en plus sur vino et sapori",
            "parlons de vino et sapori",
            "je veux vino et sapori s\u0027il vous plait",
            "je veux vino et sapori",
            "je choisis vino et sapori",
            "voyons vino et sapori",
            "parlez-moi de vino et sapori s\u0027il vous plait",
            "je voudrais en savoir plus sur vino et sapori s\u0027il vous plait",
            "vino et sapori s\u0027il vous plait",
            "parlez-moi de vino et sapori",
            "qu\u0027en est-il de vino et sapori",
            "j\u0027aimerais en savoir plus sur vino et sapori",
            "vino et sapori"
          ]
        },
        {
          "name": "CucininoIntent",
          "slots": [],
          "samples": [
            "dis m\u0027en plus sur cucinino s\u0027il vous plait",
            "dis m\u0027en plus sur cucinino",
            "parlons de cucinino",
            "je veux cucinino s\u0027il vous plait",
            "je veux cucinino",
            "je choisis cucinino",
            "voyons cucinino",
            "parlez-moi de cucinino s\u0027il vous plait",
            "je voudrais en savoir plus sur cucinino s\u0027il vous plait",
            "cucinino s\u0027il vous plait",
            "parlez-moi de cucinino",
            "qu\u0027en est-il de cucinino",
            "j\u0027aimerais en savoir plus sur cucinino",
            "cucinino"
          ]
        },
        {
          "name": "GoodbyeIntent",
          "slots": [],
          "samples": [
            "merci Alexa",
            "bonne journée",
            "à bientôt",
            "on se parle plus tard"
          ]
        }
      ],
      "types": [
        {
          "values": [
            {
              "name": {
                "value": "dracula\u0027s castle"
              }
            },
            {
              "name": {
                "value": "aventura park"
              }
            },
            {
              "name": {
                "value": "zoo"
              }
            },
            {
              "name": {
                "value": "rope street"
              }
            },
            {
              "name": {
                "value": "aquatic paradise"
              }
            },
            {
              "name": {
                "value": "poker club"
              }
            }
          ],
          "name": "attractionName"
        }
      ]
    },
    "dialog": {
      "intents": [
        {
          "name": "RegisterNameIntent",
          "confirmationRequired": true,
          "prompts": {
            "confirmation": "Confirm.Intent.264384300248"
          },
          "slots": [
            {
              "name": "name",
              "type": "AMAZON.FirstName",
              "elicitationRequired": true,
              "confirmationRequired": false,
              "prompts": {
                "elicitation": "Elicit.Slot.97186845675.1012525732043"
              }
            }
          ]
        },
        {
          "name": "ChooseAttractionIntent",
          "confirmationRequired": true,
          "prompts": {
            "confirmation": "Confirm.Intent.1099534110260"
          },
          "slots": [
            {
              "name": "attraction",
              "type": "attractionName",
              "elicitationRequired": false,
              "confirmationRequired": false,
              "prompts": {}
            }
          ]
        }
      ],
      "delegationStrategy": "ALWAYS"
    },
    "prompts": [
      {
        "id": "Confirm.Intent.264384300248",
        "variations": [
          {
            "type": "PlainText",
            "value": "Donc, votre prénom est {name}. J\u0027ai raison?"
          }
        ]
      },
      {
        "id": "Elicit.Slot.97186845675.1012525732043",
        "variations": [
          {
            "type": "PlainText",
            "value": "Quel est votre prénom?"
          }
        ]
      },
      {
        "id": "Confirm.Intent.1099534110260",
        "variations": [
          {
            "type": "PlainText",
            "value": "Donc, vous voulez en savoir plus sur {attraction} . J\u0027ai raison?"
          }
        ]
      }
    ]
  },
  "version": "16"
}