{
  "manifest": {
    "apis": {
      "custom": {
        "endpoint": {
          "uri": "arn:aws:lambda:us-east-1:278731762609:function:50e3e6e7-3fc8-4d31-97c0-77a2f367ca74:Release_0"
        },
        "interfaces": [],
        "regions": {
          "NA": {
            "endpoint": {
              "uri": "arn:aws:lambda:us-east-1:278731762609:function:50e3e6e7-3fc8-4d31-97c0-77a2f367ca74:Release_0"
            }
          },
          "EU": {
            "endpoint": {
              "uri": "arn:aws:lambda:eu-west-1:278731762609:function:50e3e6e7-3fc8-4d31-97c0-77a2f367ca74:Release_0"
            }
          },
          "FE": {
            "endpoint": {
              "uri": "arn:aws:lambda:us-west-2:278731762609:function:50e3e6e7-3fc8-4d31-97c0-77a2f367ca74:Release_0"
            }
          }
        }
      }
    },
    "manifestVersion": "1.0",
    "publishingInformation": {
      "category": "KNOWLEDGE_AND_TRIVIA",
      "distributionCountries": [],
      "isAvailableWorldwide": true,
      "locales": {
        "en-US": {
          "description": "Sample Full Description",
          "examplePhrases": [
            "Alexa open hello world",
            "hello",
            "help"
          ],
          "keywords": [],
          "name": "Tourist in Brasov",
          "summary": "Sample Short Description"
        },
        "fr-FR": {
          "name": "Tourist in Brasov"
        }
      },
      "testingInstructions": "Sample Testing Instructions."
    }
  }
}